<?xml version="1.0" encoding="UTF-8"?>
<project-private xmlns="http://www.netbeans.org/ns/project-private/1">
    <editor-bookmarks xmlns="http://www.netbeans.org/ns/editor-bookmarks/2" lastBookmarkId="0"/>
    <open-files xmlns="http://www.netbeans.org/ns/projectui-open-files/2">
        <group>
            <file>file:/C:/Users/emmet/OneDrive/Documents/DKIT/Year%203%20Semester%202/Software%20Project/TheSongDb/src/java/Daos/FriendDao.java</file>
            <file>file:/C:/Users/emmet/OneDrive/Documents/DKIT/Year%203%20Semester%202/Software%20Project/TheSongDb/src/java/Dtos/Friend.java</file>
        </group>
    </open-files>
</project-private>
