<?xml version="1.0" encoding="UTF-8"?>
<project-private xmlns="http://www.netbeans.org/ns/project-private/1">
    <editor-bookmarks xmlns="http://www.netbeans.org/ns/editor-bookmarks/2" lastBookmarkId="0"/>
    <open-files xmlns="http://www.netbeans.org/ns/projectui-open-files/2">
        <group>
            <file>file:/C:/Users/tadas/Desktop/Projects/TheSongDb/web/index.jsp</file>
            <file>file:/C:/Users/tadas/Desktop/Projects/TheSongDb/web/login.jsp</file>
            <file>file:/C:/Users/tadas/Desktop/Projects/TheSongDb/web/header.jsp</file>
            <file>file:/C:/Users/tadas/Desktop/Projects/TheSongDb/web/internationalisationHeader.jsp</file>
            <file>file:/C:/Users/tadas/Desktop/Projects/TheSongDb/src/java/properties/TheSongDb.properties</file>
            <file>file:/C:/Users/tadas/Desktop/Projects/TheSongDb/src/java/properties/TheSongDb_en.properties</file>
            <file>file:/C:/Users/tadas/Desktop/Projects/TheSongDb/src/java/properties/TheSongDb_lt.properties</file>
        </group>
    </open-files>
</project-private>
